Workbook

Sheet 表紙
C4: Biz-X POTTS
C9: 運営管理
C11: メッセージ
C14: 機能設計書
C19: 大連以恒科技有限公司 | H19: 株式会社BX
C21: 責任者 | E21: 担当者 | H21: 責任者 | J21: 担当者

Sheet 改訂履歴
A1: 機能設計書 | T1: システム名 | AF1: プロジェクト名 | AR1: 登録日付 | AY1: 更新日付
T2: =表紙!C4 -> Biz-X POTTS
A3: 改訂履歴 | T3: サブシステム名 | AF3: 機能名名 | AR3: 登録担当者 | AY3: 更新担当者
T4: =表紙!C9 -> 運営管理 | AF4: =表紙!C11 -> メッセージ
B6: No | E6: 改訂日 | K6: 改訂内容 | AX6: 担当者

Sheet 処理フロー
A1: 機能設計書 | T1: システム名 | AF1: プロジェクト名 | AR1: 登録日付 | AY1: 更新日付
T2: =表紙!C4 -> Biz-X POTTS
A3: 処理フロー | T3: サブシステム名 | AF3: 機能名名 | AR3: 登録担当者 | AY3: 更新担当者
T4: =表紙!C9 -> 運営管理 | AF4: =表紙!C11 -> メッセージ
B6: フロー | AA6: No | AC6: テーブル名 | AL6: ID | AU6: IO | AW6: C | AY6: R | BA6: U | BC6: D
AA7: 1
AA8: 2
AA9: 3
AA10: 4
AA11: 5
AA12: 6
AA13: 7
AA14: 8
AA15: 9
AA16: 10
AA17: 11
AA18: 12
... AA21: 15
AA22: 補足

Sheet 機能概要
A1: 機能設計書 | T1: システム名 | AF1: プロジェクト名 | AR1: 登録日付 | AY1: 更新日付
T2: =表紙!C4 -> Biz-X POTTS
A3: 機能概要 | T3: サブシステム名 | AF3: 機能名名 | AR3: 登録担当者 | AY3: 更新担当者
T4: =表紙!C9 -> 運営管理 | AF4: =表紙!C11 -> メッセージ
B6: 機能概要
C8: メッセージの受け入れと送信

Sheet 画面
A1: 機能設計書 | T1: システム名 | AF1: プロジェクト名 | AR1: 登録日付 | AY1: 更新日付
T2: =表紙!C4 -> Biz-X POTTS
A3: 画面レイアウト | T3: サブシステム名 | AF3: 機能名名 | AR3: 登録担当者 | AY3: 更新担当者
T4: =表紙!C9 -> 運営管理 | AF4: =表紙!C11 -> メッセージ
B6: 画面レイアウト
B8: メッセージ一覧
B92: メッセージ作成

Sheet 画面項目定義
A1: 機能設計書 | T1: システム名 | AF1: プロジェクト名 | AR1: 登録日付 | AY1: 更新日付
T2: =表紙!C4 -> Biz-X POTTS
A3: 画面項目定義 | T3: サブシステム名 | AF3: 機能名名 | AR3: 登録担当者 | AY3: 更新担当者
T4: =表紙!C9 -> 運営管理 | AF4: =表紙!C11 -> メッセージ
A6: No | C6: 項目名 | L6: ID | T6: 種類 | X6: 属性 | AB6: DB 桁数 | AD6: 画面 桁数 | AF6: IO | AH6: タブ | AJ6: 必須 | AL6: 表示 | AN6: 配置 | AP6: IME | AR6: ref | AT6: chk | AV6: 書式 | AZ6: 概要 | BK6: 登録時仕様 | CF6: 更新時仕様
BK7: 取得元 | BT7: 仕様 | CF7: 取得元 （照会/削除も同様） | CO7: 仕様
A9: メッセージ一覧
C10: 一覧詳細
C11: 検索 | T11: テキスト | AZ11: ファジィクエリ | BK11: ytb_message(運用メッセージマスタ) | BT11: タイトルとメッセージ
C12: タイトル | T12: テキスト | AL12: 〇 | BK12: ytb_message(運用メッセージマスタ) | BT12: タイトル
C13: 内容 | T13: テキスト | AL13: 〇 | BK13: ytb_message(運用メッセージマスタ) | BT13: メッセージ
C14: 時間 | T14: テキスト | AL14: 〇 | BK14: ytb_message_history(運用メッセージ履歴マスタ) | BT14: 登録日時
A15: メッセージ作成
C16: メッセージ一覧
C17: 検索 | T17: テキスト | AZ17: ファジィクエリ | BK17: ytb_message(運用メッセージマスタ) | BT17: タイトル
C18: タイトル | T18: テキスト | AL18: 〇 | BK18: ytb_message(運用メッセージマスタ) | BT18: タイトル
C19: 会社名 | T19: テキスト | AL19: 〇 | BK19: mtb_company(会社情報マスタ) | BT19: 会社名_名称
C20: 内容 | T20: テキスト | AL20: 〇 | BK20: ytb_message(運用メッセージマスタ) | BT20: メッセージ
C21: 時間 | T21: テキスト | AL21: 〇 | BK21: ytb_message_history(運用メッセージ履歴マスタ) | BT21: 登録日時
D22: メッセージ一覧明細
D23: タイトル | T23: テキスト | AL23: 〇 | BK23: ytb_message(運用メッセージマスタ) | BT23: タイトル
D24: 会社名 | T24: テキスト | AL24: 〇 | BK24: mtb_company(会社情報マスタ) | BT24: 会社名_名称
D25: 内容 | T25: テキスト | AL25: 〇 | BK25: ytb_message(運用メッセージマスタ) | BT25: メッセージ
D26: 時間 | T26: テキスト | AL26: 〇 | BK26: ytb_message_history(運用メッセージ履歴マスタ) | BT26: 登録日時
C27: 個別メッセージ
C28: 検索 | T28: テキスト | AZ28: ファジィクエリ | BK28: mtb_company(会社情報マスタ) | BT28: 会社名_名称
C29: 会社名 | T29: テキスト | AL29: 〇 | BK29: mtb_company(会社情報マスタ) | BT29: 会社名_名称
C30: 管理員名 | T30: テキスト | AL30: 〇 | BK30: mtb_user(ユーザーマスタ) | BT30: ユーザー_名称
C31: 住所 | T31: テキスト | AL31: 〇 | BK31: mtb_company(会社情報マスタ) | BT31: 住所１＋住所２＋住所３
D32: 個別メッセージ明細
D33: タイトル | T33: テキスト | X33: 全半角 | AJ33: 〇 | BK33: ytb_message(運用メッセージマスタ) | BT33: タイトル
D34: 会社名 | T34: テキスト | AL34: 〇 | BK34: mtb_company(会社情報マスタ) | BT34: 会社名_名称
D35: 内容 | T35: テキスト | X35: 全半角 | AJ35: 〇 | BK35: ytb_message(運用メッセージマスタ) | BT35: メッセージ
C36: 全体メッセージ
C37: タイトル | T37: テキスト | X37: 全半角 | AJ37: 〇 | BK37: ytb_message(運用メッセージマスタ) | BT37: タイトル
C38: 内容 | T38: テキスト | X38: 全半角 | AJ38: 〇 | BK38: ytb_message(運用メッセージマスタ) | BT38: メッセージ

Sheet チェック仕様
A1: 機能設計書 | T1: システム名 | AF1: プロジェクト名 | AR1: 登録日付 | AY1: 更新日付
T2: =表紙!C4 -> Biz-X POTTS
A3: チェック仕様 | T3: サブシステム名 | AF3: 機能名名 | AR3: 登録担当者 | AY3: 更新担当者
T4: =表紙!C9 -> 運営管理 | AF4: =表紙!C11 -> メッセージ
A6: No | C6: イベント | L6: 対象項目 | T6: チェック仕様 | AM6: エラー処理

Sheet イベント仕様
A1: 機能設計書 | T1: システム名 | AF1: プロジェクト名 | AR1: 登録日付 | AY1: 更新日付
T2: =表紙!C4 -> Biz-X POTTS
A3: イベント仕様 | T3: サブシステム名 | AF3: 機能名名 | AR3: 登録担当者 | AY3: 更新担当者
T4: =表紙!C9 -> 運営管理 | AF4: =表紙!C11 -> メッセージ
A6: No | C6: 対象 | L6: イベント | W6: 処理内容 | AV6: 備考
A7: =ROW()-6 -> 1 | C7: メッセージ一覧 | L7: 初期化 | W7: 現在の言語選択による初期化 初期検索 登録者（user _ id）に基づいて、テーブル「ytb_message_history(運用メッセージ履歴マスタ)」中に、削除状態は正常のデータ 「運用メッセージ履歴マスタ」のデータアイコンの色は青 未読メッセージ赤点を表示
A8: =ROW()-6 -> 2 | C8: メッセージ一覧 | L8: ページ検索 | W8: 左側の入力ボックスに検索内容を入力します。車に戻ってから。見出しと内容に応じた対応データの照合 | AV8: 関連表：運用メッセージマスタ 字段：タイトル，メッセージ 削除区分：未削除
A9: =ROW()-6 -> 3 | C9: メッセージ一覧 | L9: 左側のメッセージ一覧クリック | W9: 左側のメッセージ一覧のメッセージをクリックして、右側に詳細情報を表示します。ステータスが未読の場合は既読に更新する。 通信完了区分=「１：申し込み」の場合 「許可確認」と「お客様用のログインURLをコピー」ボタンを表示する 通信完了区分=「２：解約」の場合 「解約確認」と「解約URLをコピー」ボタンを表示する
A10: =ROW()-6 -> 4 | C10: メッセージ一覧 | L10: 許可確認 | W10: 画面「申込受付」を遷移する
A11: =ROW()-6 -> 5 | C11: メッセージ一覧 | L11: 解約確認 | W11: 画面「解約受付」を遷移する
A12: =ROW()-6 -> 6 | C12: メッセージ一覧 | L12: 「お客様用のログインURLをコピー」と「解約URLをコピー」 | W12: ログインのURLをコピーする
A13: =ROW()-6 -> 7 | C13: メッセージ一覧 | L13: メッセージ削除 | W13: 詳細ページの右上隅にある削除ボタン。削除をクリックして、テーブル【削除状態】を削除するために更新します | AV13: 関連表：運用メッセージ履歴マスタ 字段：削除状態
A14: =ROW()-6 -> 8 | C14: メッセージ作成
A15: =ROW()-6 -> 9 | C15: メッセージ一覧 | L15: 初期化 | W15: 運用管理者以外の役割が受信したメッセージを検索する 検索表：mtb_customer_address（納入先マスタ） 条件：user_id＝登録者以外
A16: =ROW()-6 -> 10 | C16: メッセージ一覧 | L16: メッセージ検索 | W16: 左側の入力ボックスに検索内容を入力します。enterを押す。タイトルに応じた対応データの照合
A17: =ROW()-6 -> 11 | C17: メッセージ一覧 | L17: 左側のメッセージ一覧クリック | W17: 左側のメッセージ一覧のメッセージをクリックして、右側に詳細情報を表示します。
A18: =ROW()-6 -> 12 | C18: メッセージ一覧 | L18: メッセージ削除 | W18: 詳細ページの右上隅にある削除ボタン。削除をクリックして、テーブル【削除状態】を削除するために更新します | AV18: 関連表：運用メッセージ履歴マスタ 字段：削除状態
A19: =ROW()-6 -> 13 | C19: 個別メッセージ | L19: 初期化 | W19: すべての会社対応データの検索 検索表：ytb_company_manage(運用会社管理)
A20: =ROW()-6 -> 14 | C20: 個別メッセージ | L20: 会社検索 | W20: 左側の入力ボックスに検索内容を入力します。enterを押す。会社名に応じた対応データの照合
A21: =ROW()-6 -> 15 | C21: 個別メッセージ | L21: 左側の会社一覧クリック | W21: 左側の会社一覧をクリックして、右側に送信画面を表示します。
A22: =ROW()-6 -> 16 | C22: 個別メッセージ | L22: 送信 | W22: タイトルと内容を入力して、対応の会社の管理者に送信する
A23: =ROW()-6 -> 17 | C23: 全体メッセージ | L23: 初期化 | W23: 全体送信画面を表示する
A24: =ROW()-6 -> 18 | C24: 全体メッセージ | L24: 全体へ送信 | W24: タイトルと内容を入力して、全ての管理者を送信する
A25: =ROW()-6 -> 19 | C25: 全体メッセージ | L25: ライセンスある方へ送信 | W25: タイトルと内容を入力して、全て使用中の管理者を送信する
A26: =ROW()-6 -> 20
A27: =ROW()-6 -> 21
A28: =ROW()-6 -> 22
A29: =ROW()-6 -> 23
A30: =ROW()-6 -> 24
A31: =ROW()-6 -> 25
A32: =ROW()-6 -> 26
A33: =ROW()-6 -> 27
A34: =ROW()-6 -> 28
A35: =ROW()-6 -> 29
A36: =ROW()-6 -> 30
A37: =ROW()-6 -> 31
... A39: =ROW()-6 -> 33

Sheet DB更新仕様
A1: 機能設計書 | T1: システム名 | AF1: プロジェクト名 | AR1: 登録日付 | AY1: 更新日付
T2: =表紙!C4 -> Biz-X POTTS
A3: 更新仕様 | T3: サブシステム名 | AF3: 機能名名 | AR3: 登録担当者 | AY3: 更新担当者
T4: =表紙!C9 -> 運営管理 | AF4: =表紙!C11 -> メッセージ
A6: TBL名 | R6: TBLID | AI6: 方法
A7: No | C7: 項目名 | L7: ID | T7: 登録時 | AM7: 更新時

Sheet 補足
A1: 機能設計書 | T1: システム名 | AF1: プロジェクト名 | AR1: 登録日付 | AY1: 更新日付
T2: =表紙!C4 -> Biz-X POTTS
A3: 補足 | T3: サブシステム名 | AF3: 機能名名 | AR3: 登録担当者 | AY3: 更新担当者
T4: =表紙!C9 -> 運営管理 | AF4: =表紙!C11 -> メッセージ
B6: 補足
