Workbook

Sheet 表紙
C4: Biz-X POTTS
C9: システム
C11: アカウント
C14: 機能設計書
C19: 大連以恒科技有限公司 | H19: 株式会社BX
C21: 責任者 | E21: 担当者 | H21: 責任者 | J21: 担当者

Sheet 改訂履歴
A1: 機能設計書 | T1: システム名 | AF1: プロジェクト名 | AR1: 登録日付 | AY1: 更新日付
T2: =表紙!C4 -> Biz-X POTTS
A3: 改訂履歴 | T3: サブシステム名 | AF3: 機能名名 | AR3: 登録担当者 | AY3: 更新担当者
T4: =表紙!C9 -> システム | AF4: =表紙!C11 -> アカウント
B6: No | E6: 改訂日 | K6: 改訂内容 | AX6: 担当者

Sheet 処理フロー
A1: 機能設計書 | T1: システム名 | AF1: プロジェクト名 | AR1: 登録日付 | AY1: 更新日付
T2: =表紙!C4 -> Biz-X POTTS
A3: 処理フロー | T3: サブシステム名 | AF3: 機能名名 | AR3: 登録担当者 | AY3: 更新担当者
T4: =表紙!C9 -> システム | AF4: =表紙!C11 -> アカウント
B6: フロー | AA6: No | AC6: テーブル名 | AL6: ID | AU6: IO | AW6: C | AY6: R | BA6: U | BC6: D
AA7: 1
AA8: 2
AA9: 3
AA10: 4
AA11: 5
AA12: 6
AA13: 7
AA14: 8
AA15: 9
AA16: 10
AA17: 11
AA18: 12
... AA21: 15
AA22: 補足

Sheet 機能概要
A1: 機能設計書 | T1: システム名 | AF1: プロジェクト名 | AR1: 登録日付 | AY1: 更新日付
T2: =表紙!C4 -> Biz-X POTTS
A3: 機能概要 | T3: サブシステム名 | AF3: 機能名名 | AR3: 登録担当者 | AY3: 更新担当者
T4: =表紙!C9 -> システム | AF4: =表紙!C11 -> アカウント
B6: 機能概要
C8: アカウント
D9: アカウント基本情報展示変更、パスワード変更、license状態、ログアウト

Sheet 画面
A1: 機能設計書 | T1: システム名 | AF1: プロジェクト名 | AR1: 登録日付 | AY1: 更新日付
T2: =表紙!C4 -> Biz-X POTTS
A3: 画面レイアウト | T3: サブシステム名 | AF3: 機能名名 | AR3: 登録担当者 | AY3: 更新担当者
T4: =表紙!C9 -> システム | AF4: =表紙!C11 -> アカウント
B6: 画面レイアウト

Sheet 画面 (SP)
A1: 機能設計書 | T1: システム名 | AF1: プロジェクト名 | AR1: 登録日付 | AY1: 更新日付
T2: =表紙!C4 -> Biz-X POTTS
A3: 画面レイアウト | T3: サブシステム名 | AF3: 機能名名 | AR3: 登録担当者 | AY3: 更新担当者
T4: =表紙!C9 -> システム | AF4: =表紙!C11 -> アカウント
B6: 画面レイアウト
AA8: ヘッダーのアカウント
AA9: アイコンから遷移
AA11: トップページに戻る
Z30: 直接ログアウト

Sheet 画面項目定義
A1: 機能設計書 | T1: システム名 | AF1: プロジェクト名 | AR1: 登録日付 | AY1: 更新日付
T2: =表紙!C4 -> Biz-X POTTS
A3: 画面項目定義 | T3: サブシステム名 | AF3: 機能名名 | AR3: 登録担当者 | AY3: 更新担当者
T4: =表紙!C9 -> システム | AF4: =表紙!C11 -> アカウント
A6: No | C6: 項目名 | L6: ID | T6: 種類 | X6: 属性 | AB6: DB 桁数 | AD6: 画面 桁数 | AF6: IO | AH6: タブ | AJ6: 必須 | AL6: 表示 | AN6: 配置 | AP6: IME | AR6: ref | AT6: chk | AV6: 書式 | AZ6: 概要 | BK6: 登録時仕様 | CF6: 更新時仕様
BK7: 取得元 | BT7: 仕様 | CF7: 取得元 （照会/削除も同様） | CO7: 仕様
C9: プロファイル
C10: アイコン | BK10: mtb_user(ユーザーマスタ) | BT10: アイコン
C11: 名前 | BK11: mtb_user(ユーザーマスタ) | BT11: ユーザー_名称
C12: 登録名 | BK12: supabaseのuser | BT12: email
C13: 表示名 | BK13: mtb_user(ユーザーマスタ) | BT13: ユーザー_名称
C14: デフォルト言語 | AZ14: mtb_user(ユーザーマスタ)の言語_IDにより、言語名を取得する | BK14: mtb_language(多言語マスタ) | BT14: 言語名称
C15: 会社 | AZ15: mtb_user(ユーザーマスタ)の会社_IDにより、会社名_名称を取得する | BK15: mtb_company(会社情報マスタ) | BT15: 会社名_名称
C16: ロール | AZ16: mtb_user(ユーザーマスタ)のロール_IDにより、ロール_名称を取得する | BK16: mtb_role(ロールマスタ) | BT16: ロール_名称
C17: 状態 | BK17: mtb_user(ユーザーマスタ) | BT17: 状態
C18: セキュリティ
C19: パスワード | BK19: supabaseのuser | BT19: encrypted_password
C20: ライセンス
C21: ライセンスの種類 | AZ21: mtb_user(ユーザーマスタ)のIDにより、ライセンスの種類を取得する | BK21: ytb_use_type(ライセンス・課金管理) | BT21: ライセンスの種類
C22: 運用開始日 | AZ22: mtb_user(ユーザーマスタ)のIDにより、運用開始日を取得する | BK22: ytb_user_manage(運用会社ユーザー管理) | BT22: 運用開始日
C23: 運用終了日 | AZ23: mtb_user(ユーザーマスタ)のIDにより、運用終了日を取得する | BK23: ytb_user_manage(運用会社ユーザー管理) | BT23: 運用終了日
C24: 支払状態 | AZ24: mtb_user(ユーザーマスタ)のIDにより、支払状態を取得する | BK24: ytb_user_manage(運用会社ユーザー管理) | BT24: 支払状態

Sheet 画面項目定義 (SP)
A1: 機能設計書 | T1: システム名 | AF1: プロジェクト名 | AR1: 登録日付 | AY1: 更新日付
T2: =表紙!C4 -> Biz-X POTTS
A3: 画面項目定義 | T3: サブシステム名 | AF3: 機能名名 | AR3: 登録担当者 | AY3: 更新担当者
T4: =表紙!C9 -> システム | AF4: =表紙!C11 -> アカウント
A6: No | C6: 項目名 | L6: ID | T6: 種類 | X6: 属性 | AB6: DB 桁数 | AD6: 画面 桁数 | AF6: IO | AH6: タブ | AJ6: 必須 | AL6: 表示 | AN6: 配置 | AP6: IME | AR6: ref | AT6: chk | AV6: 書式 | AZ6: 概要 | BK6: 登録時仕様 | CF6: 更新時仕様
BK7: 取得元 | BT7: 仕様 | CF7: 取得元 （照会/削除も同様） | CO7: 仕様
C9: プロファイル
C10: アイコン | BK10: mtb_user(ユーザーマスタ) | BT10: アイコン
C11: 名前 | BK11: mtb_user(ユーザーマスタ) | BT11: ユーザー_名称
C12: 登録名 | BK12: supabaseのuser | BT12: email
C13: 表示名 | BK13: mtb_user(ユーザーマスタ) | BT13: ユーザー_名称
C14: デフォルト言語 | AZ14: mtb_user(ユーザーマスタ)の言語_IDにより、言語名を取得する | BK14: mtb_language(多言語マスタ) | BT14: 言語名称
C15: 会社 | AZ15: mtb_user(ユーザーマスタ)の会社_IDにより、会社名_名称を取得する | BK15: mtb_company(会社情報マスタ) | BT15: 会社名_名称
C16: ロール | AZ16: mtb_user(ユーザーマスタ)のロール_IDにより、ロール_名称を取得する | BK16: mtb_role(ロールマスタ) | BT16: ロール_名称
C17: 状態 | BK17: mtb_user(ユーザーマスタ) | BT17: 状態
C18: セキュリティ
C19: パスワード | BK19: supabaseのuser | BT19: encrypted_password
C20: ライセンス
C21: ライセンスの種類 | AZ21: mtb_user(ユーザーマスタ)のIDにより、ライセンスの種類を取得する | BK21: ytb_use_type(ライセンス・課金管理) | BT21: ライセンスの種類
C22: 運用開始日 | AZ22: mtb_user(ユーザーマスタ)のIDにより、運用開始日を取得する | BK22: ytb_user_manage(運用会社ユーザー管理) | BT22: 運用開始日
C23: 運用終了日 | AZ23: mtb_user(ユーザーマスタ)のIDにより、運用終了日を取得する | BK23: ytb_user_manage(運用会社ユーザー管理) | BT23: 運用終了日
C24: 支払状態 | AZ24: mtb_user(ユーザーマスタ)のIDにより、支払状態を取得する | BK24: ytb_user_manage(運用会社ユーザー管理) | BT24: 支払状態

Sheet チェック仕様
A1: 機能設計書 | T1: システム名 | AF1: プロジェクト名 | AR1: 登録日付 | AY1: 更新日付
T2: =表紙!C4 -> Biz-X POTTS
A3: チェック仕様 | T3: サブシステム名 | AF3: 機能名名 | AR3: 登録担当者 | AY3: 更新担当者
T4: =表紙!C9 -> システム | AF4: =表紙!C11 -> アカウント
A6: No | C6: イベント | L6: 対象項目 | T6: チェック仕様 | AM6: エラー処理

Sheet イベント仕様
A1: 機能設計書 | T1: システム名 | AF1: プロジェクト名 | AR1: 登録日付 | AY1: 更新日付
T2: =表紙!C4 -> Biz-X POTTS
A3: イベント仕様 | T3: サブシステム名 | AF3: 機能名名 | AR3: 登録担当者 | AY3: 更新担当者
T4: =表紙!C9 -> システム | AF4: =表紙!C11 -> アカウント
A6: No | C6: 対象 | L6: イベント | W6: 処理内容 | AV6: 備考
A7: =ROW()-6 -> 1 | L7: ナビゲーション・バーのステータス | W7: ログイン情報によるユーザー名の表示 | AV7: 関連表;ユーザーマスタ フィールド：ユーザー_名称
A8: =ROW()-6 -> 2 | L8: ナビゲーション・バーのドロップダウン・ボックスをクリック | W8: クリック「プロファイル」基本情報ページへ クリック「セキュリティ」パスワードの変更ページへ クリック「ライセンス」ライセンスページへ クリック「ログアウト」ログアウトへ
A9: =ROW()-6 -> 3 | L9: プロファイル画面 | W9: 現在のログインアカウントに関する情報を表示 ログイン名：supabase中users表のemail 表示名：user表のユーザー_名称 デフォルト言語：user表の言語_ID 会社：user表の会社_ID ロール：user表のロール_ID 状態：user表の状態 表示名和默认语言可以进行修改 | AV9: 関連表;supabase的users ユーザーマスタ
A10: =ROW()-6 -> 4 | C10: プロファイル画面 | L10: 解約 | W10: 「送信」クリックした場合、解約メールを送信する システム管理者場合、表示する | AV10: メール内容をシート「補足」に参照
A11: =ROW()-6 -> 5 | L11: セキュリティ画面 | W11: 現在のログインパスワードの変更する
A12: =ROW()-6 -> 6 | L12: ライセンス画面 | W12: 現在のユーザーに対応するライセンス情報の表示 | AV12: 関連表;ytb_user_manage(運用会社ユーザー管理)
A13: =ROW()-6 -> 7 | L13: ログアウト | W13: ログオンシステム

Sheet イベント仕様 (SP)
A1: 機能設計書 | T1: システム名 | AF1: プロジェクト名 | AR1: 登録日付 | AY1: 更新日付
T2: =表紙!C4 -> Biz-X POTTS
A3: イベント仕様 | T3: サブシステム名 | AF3: 機能名名 | AR3: 登録担当者 | AY3: 更新担当者
T4: =表紙!C9 -> システム | AF4: =表紙!C11 -> アカウント
A6: No | C6: 対象 | L6: イベント | W6: 処理内容 | AV6: 備考
A7: =ROW()-6 -> 1 | L7: 顶部导航栏状态 | W7: 通过登录信息显示用户姓名 | AV7: 关联表;ユーザーマスタ 字段：ユーザー_名称
A8: =ROW()-6 -> 2 | L8: 顶部导航栏下拉框点击 | W8: 点击【プロファイル】进入基本信息页面 点击【セキュリティ】进入修改密码页面 点击【ライセンス】进入license页面 点击【ログアウト】退出系统
A9: =ROW()-6 -> 3 | L9: プロファイル页面 | W9: 显示当前登录账号相关信息 登录名：supabase中users表的email 表示名：user表的ユーザー_名称 默认语言：user表的言語_ID 公司：user表的会社_ID 角色：user表的ロール_ID 状态：user表的状態 表示名和默认语言可以进行修改 | AV9: 关联表;supabase的users ユーザーマスタ
A10: =ROW()-6 -> 4 | L10: セキュリティ页面 | W10: 修改当前登录密码
A11: =ROW()-6 -> 5 | L11: ライセンス | W11: 查看当前用户对应的license情报 | AV11: 关联表;ytb_user_manage(運用会社ユーザー管理)
A12: =ROW()-6 -> 6 | L12: ログアウト | W12: 点击登出系统

Sheet DB更新仕様
A1: 機能設計書 | T1: システム名 | AF1: プロジェクト名 | AR1: 登録日付 | AY1: 更新日付
T2: =表紙!C4 -> Biz-X POTTS
A3: 更新仕様 | T3: サブシステム名 | AF3: 機能名名 | AR3: 登録担当者 | AY3: 更新担当者
T4: =表紙!C9 -> システム | AF4: =表紙!C11 -> アカウント
A6: TBL名 | R6: TBLID | AI6: 方法
A7: No | C7: 項目名 | L7: ID | T7: 登録時 | AM7: 更新時

Sheet 補足
A1: 機能設計書 | T1: システム名 | AF1: プロジェクト名 | AR1: 登録日付 | AY1: 更新日付
T2: =表紙!C4 -> Biz-X POTTS
A3: 補足 | T3: サブシステム名 | AF3: 機能名名 | AR3: 登録担当者 | AY3: 更新担当者
T4: =表紙!C9 -> システム | AF4: =表紙!C11 -> アカウント
B6: 補足
D8: 解約メール
O9: メール内容
D11: 解約メール | O11: アカウント「＄ユーザー_Email」を解約するには、下記リンクをクリックして解約確認をしてください。 xxx.potts.com 不明点などあれば、xxx＠potts.comに連絡頂ければと思います。
