Workbook

Sheet 表紙
C4: Biz-X POTTS
C9: 在庫
C11: 在庫移動入力
C14: 機能設計書
C19: 大連以恒科技有限公司 | H19: 株式会社BX
C21: 責任者 | E21: 担当者 | H21: 責任者 | J21: 担当者

Sheet 改訂履歴
A1: 機能設計書 | T1: システム名 | AF1: プロジェクト名 | AR1: 登録日付 | AY1: 更新日付
T2: =表紙!C4 -> Biz-X POTTS
A3: 改訂履歴 | T3: サブシステム名 | AF3: 機能名名 | AR3: 登録担当者 | AY3: 更新担当者
T4: =表紙!C9 -> 在庫 | AF4: =表紙!C11 -> 在庫移動入力
B6: No | E6: 改訂日 | K6: 改訂内容 | AX6: 担当者

Sheet 処理フロー
A1: 機能設計書 | T1: システム名 | AF1: プロジェクト名 | AR1: 登録日付 | AY1: 更新日付
T2: =表紙!C4 -> Biz-X POTTS
A3: 処理フロー | T3: サブシステム名 | AF3: 機能名名 | AR3: 登録担当者 | AY3: 更新担当者
T4: =表紙!C9 -> 在庫 | AF4: =表紙!C11 -> 在庫移動入力
B6: フロー | AA6: No | AC6: テーブル名 | AL6: ID | AU6: IO | AW6: C | AY6: R | BA6: U | BC6: D
AA7: 1
AA8: 2
AA9: 3
AA10: 4
AA11: 5
AA12: 6
AA13: 7
AA14: 8
AA15: 9
AA16: 10
AA17: 11
AA18: 12
... AA21: 15
AA22: 補足

Sheet 機能概要
A1: 機能設計書 | T1: システム名 | AF1: プロジェクト名 | AR1: 登録日付 | AY1: 更新日付
T2: =表紙!C4 -> Biz-X POTTS
A3: 機能概要 | T3: サブシステム名 | AF3: 機能名名 | AR3: 登録担当者 | AY3: 更新担当者
T4: =表紙!C9 -> 在庫 | AF4: =表紙!C11 -> 在庫移動入力
B6: 機能概要
C8: 在庫移動入力，对在库商品的位置进行调整

Sheet 画面
A1: 機能設計書 | T1: システム名 | AF1: プロジェクト名 | AR1: 登録日付 | AY1: 更新日付
T2: =表紙!C4 -> Biz-X POTTS
A3: 画面レイアウト | T3: サブシステム名 | AF3: 機能名名 | AR3: 登録担当者 | AY3: 更新担当者
T4: =表紙!C9 -> 在庫 | AF4: =表紙!C11 -> 在庫移動入力
B6: 画面レイアウト
C9: 在庫移動入力
E11: 移動元ロケーションのバーコード | Z11: 商品ラベルのバーコード
E15: 商品名 | Z15: 商品コード
E19: 消費期限 | Z19: 商品写真
E20: yyyy/mm/dd
E23: ロットNO
E27: シリアルNO
E31: 補足情報
AY33: 具体项目参照
AY34: 【画面項目定義】
E35: 在庫数 | Z35: ロック数
S36: 件 | AL36: 件
E42: 移動先ロケーションのバーコード | Z42: 移動数
AL43: 件
E46: 移動理由
AG47: 実行

Sheet 画面SP

Sheet 画面項目定義
A1: 機能設計書 | T1: システム名 | AF1: プロジェクト名 | AR1: 登録日付 | AY1: 更新日付
T2: =表紙!C4 -> Biz-X POTTS
A3: 画面項目定義 | T3: サブシステム名 | AF3: 機能名名 | AR3: 登録担当者 | AY3: 更新担当者
T4: =表紙!C9 -> 在庫 | AF4: =表紙!C11 -> 在庫移動入力
A6: No | C6: 項目名 | L6: ID | T6: 種類 | X6: 属性 | AB6: DB 桁数 | AD6: 画面 桁数 | AF6: IO | AH6: タブ | AJ6: 必須 | AL6: 表示 | AN6: 配置 | AP6: IME | AR6: ref | AT6: chk | AV6: 書式 | AZ6: 概要 | BK6: 登録時仕様 | CF6: 更新時仕様
BK7: 取得元 | BT7: 仕様 | CF7: 取得元 （照会/削除も同様） | CO7: 仕様
C9: 在庫移動入力
C10: 移動元ロケーションのバーコード | AJ10: 〇 | BK10: dtb_product_location(商品在庫位置) | BT10: ロケーションid
C11: 商品ラベルのバーコード | AJ11: 〇 | BK11: dtb_product_location(商品在庫位置) | BT11: 商品ID
C12: 商品コード | AL12: 〇 | BK12: mtb_product(商品マスタ) | BT12: 商品コード
C13: 商品名 | AL13: 〇 | BK13: mtb_product(商品マスタ) | BT13: 商品_名称
C14: 商品写真 | AL14: 〇 | BK14: mtb_product(商品マスタ) | BT14: 商品_写真１
C15: 消費期限 | AL15: 〇 | BK15: dtb_product_location(商品在庫位置) | BT15: 消費期限
C16: ロット番号 | AL16: 〇 | BK16: dtb_product_location(商品在庫位置) | BT16: ロット番号
C17: シリアル | AL17: 〇 | BK17: dtb_product_location(商品在庫位置) | BT17: シリアル
C18: 補足情報 | AL18: 〇 | AZ18: textarea | BK18: dtb_product_location(商品在庫位置) | BT18: 補足情報
C19: 在庫数 | AL19: 〇 | BK19: dtb_product_location(商品在庫位置) | BT19: 在庫数
C20: ロック数 | AL20: 〇 | BK20: dtb_product_location(商品在庫位置) | BT20: ロック数
C21: 移動先ロケーションのバーコード | AJ21: 〇 | BK21: dtb_product_location(商品在庫位置) | BT21: ロケーションid
C22: 移動数 | AJ22: 〇 | BK22: dtb_store_move(在庫調整) | BT22: 移動数量
C23: 移動理由 | AJ23: 〇 | BK23: dtb_store_move(在庫調整) | BT23: 移動調整理由

Sheet 画面項目定義SP
A1: 機能設計書 | T1: システム名 | AF1: プロジェクト名 | AR1: 登録日付 | AY1: 更新日付
T2: =表紙!C4 -> Biz-X POTTS
A3: 画面項目定義 | T3: サブシステム名 | AF3: 機能名名 | AR3: 登録担当者 | AY3: 更新担当者
T4: =表紙!C9 -> 在庫 | AF4: =表紙!C11 -> 在庫移動入力
A6: No | C6: 項目名 | L6: ID | T6: 種類 | X6: 属性 | AB6: DB 桁数 | AD6: 画面 桁数 | AF6: IO | AH6: タブ | AJ6: 必須 | AL6: 表示 | AN6: 配置 | AP6: IME | AR6: ref | AT6: chk | AV6: 書式 | AZ6: 概要 | BK6: 登録時仕様 | CF6: 更新時仕様
BK7: 取得元 | BT7: 仕様 | CF7: 取得元 （照会/削除も同様） | CO7: 仕様
C9: 在庫移動入力
C10: 移動元ロケーションのバーコード | AJ10: 〇 | BK10: dtb_product_location(商品在庫位置) | BT10: ロケーションid
C11: 商品ラベルのバーコード | AJ11: 〇 | BK11: dtb_product_location(商品在庫位置) | BT11: 商品ID
C12: 商品コード | AL12: 〇 | BK12: mtb_product(商品マスタ) | BT12: 商品コード
C13: 商品名 | AL13: 〇 | BK13: mtb_product(商品マスタ) | BT13: 商品_名称
C14: 商品写真 | AL14: 〇 | BK14: mtb_product(商品マスタ) | BT14: 商品_写真１
C15: 消費期限 | AL15: 〇 | BK15: dtb_product_location(商品在庫位置) | BT15: 消費期限
C16: ロット番号 | AL16: 〇 | BK16: dtb_product_location(商品在庫位置) | BT16: ロット番号
C17: シリアル | AL17: 〇 | BK17: dtb_product_location(商品在庫位置) | BT17: シリアル
C18: 補足情報 | AL18: 〇 | AZ18: textarea | BK18: dtb_product_location(商品在庫位置) | BT18: 補足情報
C19: 在庫数 | AL19: 〇 | BK19: dtb_product_location(商品在庫位置) | BT19: 在庫数
C20: ロック数 | AL20: 〇 | BK20: dtb_product_location(商品在庫位置) | BT20: ロック数
C21: 移動先ロケーションのバーコード | AJ21: 〇 | BK21: dtb_product_location(商品在庫位置) | BT21: ロケーションid
C22: 移動数 | AJ22: 〇 | BK22: dtb_store_move(在庫調整) | BT22: 移動数量
C23: 移動理由 | AJ23: 〇 | BK23: dtb_store_move(在庫調整) | BT23: 移動調整理由

Sheet チェック仕様
A1: 機能設計書 | T1: システム名 | AF1: プロジェクト名 | AR1: 登録日付 | AY1: 更新日付
T2: =表紙!C4 -> Biz-X POTTS
A3: チェック仕様 | T3: サブシステム名 | AF3: 機能名名 | AR3: 登録担当者 | AY3: 更新担当者
T4: =表紙!C9 -> 在庫 | AF4: =表紙!C11 -> 在庫移動入力
A6: No | C6: イベント | L6: 対象項目 | T6: チェック仕様 | AM6: エラー処理

Sheet イベント仕様
A1: 機能設計書 | T1: システム名 | AF1: プロジェクト名 | AR1: 登録日付 | AY1: 更新日付
T2: =表紙!C4 -> Biz-X POTTS
A3: イベント仕様 | T3: サブシステム名 | AF3: 機能名名 | AR3: 登録担当者 | AY3: 更新担当者
T4: =表紙!C9 -> 在庫 | AF4: =表紙!C11 -> 在庫移動入力
A6: No | C6: 対象 | L6: イベント | W6: 処理内容 | AV6: 備考
L7: 初期化 | W7: 画面数据清空
L8: 移動元ロケーションのバーコード输入 | W8: 根据输入值检索表dtb_product_location(商品在庫位置) 检索条件：【ロケーションid】=输入的值关联id 检索结果如果没有数据，提示【当前输入的ロケーション不正确】 有结果的场合。检索结果保存 | AV8: 关联表：mtb_product(商品マスタ)
L9: 商品ラベルのバーコード输入 | W9: 根据输入的商品ID，检索上面检索中是否存在。 1不存在的场合，提示【输入的商品不正确，或不在该ロケーション上】 2存在的场合，显示当前匹配数据 | AV9: 商品ラベル等待
L10: 移動先ロケーションのバーコード输入 | W10: 根据输入值检索表mtb_location(ロケーションマスタ) 检索条件：【削除区分】=【2:未削除】 【会社_ID】=登陆者的会社ID 【ロケーションコード】=输入的【ロケーションコード】 如果检索结果为空，提示【当前输入的ロケーション不正确】 不为空，保存ロケーションコード
L11: 実行 | W11: 1check当前可输入项目是否已经都输入，没输入，报错提示 2check输入的【移動数】<=在庫数-ロック数，不满足，报错提示 3插入表dtb_store_move(在庫調整) 字段【移動調整区分】=【1:移動】 【移動元ロケーションID】=画面输入的【移動元ロケーションのバーコード】关联ID 【移動先ロケーションID】=画面输入的【移動先ロケーションのバーコード】关联ID 【商品ＩＤ】=画面输入的【商品ラベルのバーコード】关联数据的商品ＩＤ 【移動数量】=画面输入的【移動数】 【移動調整日付】=当前时间 【移動調整理由】=画面输入的【移動理由】 【会社_ID】=登陆者的会社ID 4移動元ロケーション在库数减少 4-1更新表dtb_product_location(商品在庫位置) 字段：【在庫数】=【在庫数】-画面输入的【移動数】 4-2更新表dtb_store(在庫) 字段：【在庫数】=【在庫数】-画面输入的【移動数】 【出庫移動数】=【出庫移動数】+画面输入的【移動数】 5移動先ロケーション在库数增加 5-1如果【移動先ロケーション】在表dtb_product_location(商品在庫位置)中没有数据，插入数据 如果有数据 5-2更新表dtb_product_location(商品在庫位置) 字段：【在庫数】=【在庫数】+画面输入的【移動数】 5-3更新表dtb_store(在庫) 字段：【在庫数】=【在庫数】+画面输入的【移動数】 【入庫移動数】=【入庫移動数】+画面输入的【移動数】 6更新表dtb_store_history(受払明細) 插入2条数据，【入出庫区分】对应的出库和入库 【アクション区分】对应【在庫移動】 7更新完成提示移动完成，清除画面数据

Sheet イベント仕様SP
A1: 機能設計書 | T1: システム名 | AF1: プロジェクト名 | AR1: 登録日付 | AY1: 更新日付
T2: =表紙!C4 -> Biz-X POTTS
A3: イベント仕様 | T3: サブシステム名 | AF3: 機能名名 | AR3: 登録担当者 | AY3: 更新担当者
T4: =表紙!C9 -> 在庫 | AF4: =表紙!C11 -> 在庫移動入力
A6: No | C6: 対象 | L6: イベント | W6: 処理内容 | AV6: 備考
L7: 初期化 | W7: 画面数据清空
L8: 移動元ロケーションのバーコード输入 | W8: 根据输入值检索表dtb_product_location(商品在庫位置) 检索条件：【ロケーションid】=输入的值关联id 检索结果如果没有数据，提示【当前输入的ロケーション不正确】 有结果的场合。检索结果保存 | AV8: 关联表：mtb_product(商品マスタ)
L9: 商品ラベルのバーコード输入 | W9: 根据输入的商品ID，检索上面检索中是否存在。 1不存在的场合，提示【输入的商品不正确，或不在该ロケーション上】 2存在的场合，显示当前匹配数据 | AV9: 商品ラベル等待
L10: 移動ボタン | W10: 迁移画面
L11: 移動先ロケーションのバーコード输入 | W11: 根据输入值检索表mtb_location(ロケーションマスタ) 检索条件：【削除区分】=【2:未削除】 【会社_ID】=登陆者的会社ID 【ロケーションコード】=输入的【ロケーションコード】 如果检索结果为空，提示【当前输入的ロケーション不正确】 不为空，保存ロケーションコード
L12: 実行 | W12: 1check当前可输入项目是否已经都输入，没输入，报错提示 2check输入的【移動数】<=在庫数-ロック数，不满足，报错提示 3插入表dtb_store_move(在庫調整) 字段【移動調整区分】=【1:移動】 【移動元ロケーションID】=画面输入的【移動元ロケーションのバーコード】关联ID 【移動先ロケーションID】=画面输入的【移動先ロケーションのバーコード】关联ID 【商品ＩＤ】=画面输入的【商品ラベルのバーコード】关联数据的商品ＩＤ 【移動数量】=画面输入的【移動数】 【移動調整日付】=当前时间 【移動調整理由】=画面输入的【移動理由】 【会社_ID】=登陆者的会社ID 4移動元ロケーション在库数减少 4-1更新表dtb_product_location(商品在庫位置) 字段：【在庫数】=【在庫数】-画面输入的【移動数】 4-2更新表dtb_store(在庫) 字段：【在庫数】=【在庫数】-画面输入的【移動数】 【出庫移動数】=【出庫移動数】+画面输入的【移動数】 5移動先ロケーション在库数增加 5-1如果【移動先ロケーション】在表dtb_product_location(商品在庫位置)中没有数据，插入数据 如果有数据 5-2更新表dtb_product_location(商品在庫位置) 字段：【在庫数】=【在庫数】+画面输入的【移動数】 5-3更新表dtb_store(在庫) 字段：【在庫数】=【在庫数】+画面输入的【移動数】 【入庫移動数】=【入庫移動数】+画面输入的【移動数】 6更新表dtb_store_history(受払明細) 插入2条数据，【入出庫区分】对应的出库和入库 【アクション区分】对应【在庫移動】 7更新完成提示移动完成，清除画面数据

Sheet DB更新仕様
A1: 機能設計書 | T1: システム名 | AF1: プロジェクト名 | AR1: 登録日付 | AY1: 更新日付
T2: =表紙!C4 -> Biz-X POTTS
A3: 更新仕様 | T3: サブシステム名 | AF3: 機能名名 | AR3: 登録担当者 | AY3: 更新担当者
T4: =表紙!C9 -> 在庫 | AF4: =表紙!C11 -> 在庫移動入力
A6: TBL名 | R6: TBLID | AI6: 方法
A7: No | C7: 項目名 | L7: ID | T7: 登録時 | AM7: 更新時

Sheet 補足
A1: 機能設計書 | T1: システム名 | AF1: プロジェクト名 | AR1: 登録日付 | AY1: 更新日付
T2: =表紙!C4 -> Biz-X POTTS
A3: 補足 | T3: サブシステム名 | AF3: 機能名名 | AR3: 登録担当者 | AY3: 更新担当者
T4: =表紙!C9 -> 在庫 | AF4: =表紙!C11 -> 在庫移動入力
B6: 補足
